30163509,飞驰人生
4840388,新喜剧之王
26369709,欢迎来到马文镇 Welcome to Marwen
30287729,正义联盟大战致命五人组 Justice League vs. The Fatal Five
30349667,指挥家 De dirigent
27622447,小偷家族 万引き家族
25986662,疯狂的外星人
26374197,蜘蛛侠：平行宇宙 Spider-Man: Into the Spider-Verse
30331149,白蛇：缘起
27109679,密室逃生 Escape Room
26394152,大黄蜂 Bumblebee
27597250,极限职业 극한직업
3878007,海王 Aquaman
19899707,驯龙高手3 How To Train Your Dragon: The Hidden World
3168101,毒液：致命守护者 Venom
27110296,无名之辈
1652592,阿丽塔：战斗天使 Alita: Battle Angel
30135113,骡子 The Mule
26425063,无双 無雙
26816076,“大”人物
26752088,我不是药神
26985127,一出好戏
27114416,廉政风云 廉政風雲 煙幕
20438964,无敌破坏王2：大闹互联网 Ralph Breaks the Internet
26147417,神奇动物：格林德沃之罪 Fantastic Beasts: The Crimes of Grindelwald
26636712,蚁人2：黄蜂女现身 Ant-Man and the Wasp
27605698,西虹市首富
6538697,劫匪 The Highwaymen
26588308,死侍2：我爱我家 Deadpool 2
27119586,谁先爱上他的 誰先愛上他的
30209818,忌日快乐2 Happy Death Day 2U
26701196,无主之作 Werk ohne Autor
4864908,影
27031237,玻璃先生 Glass
30192401,气球 Ballon
30170448,何以为家 كفرناحوم
26336252,碟中谍6：全面瓦解 Mission: Impossible - Fallout
27193043,一条狗的回家路 A Dog's Way Home
26366496,邪不压正
30377703,来电狂响
26633257,地球最后的夜晚
27107140,我想吃掉你的胰脏 君の膵臓をたべたい
27166442,夏目友人帐 劇場版 夏目友人帳 ～うつせみに結ぶ～
4058933,一个明星的诞生 A Star Is Born
30263995,一吻定情
26972258,江湖儿女
30306764,证人 증인
24773958,复仇者联盟3：无限战争 Avengers: Infinity War
26925317,动物世界
27073234,憨豆特工3 Johnny English Strikes Again
26628282,宠儿 The Favourite
1950330,罗马 Roma
26683421,特工 공작
26842702,燃烧 버닝
27109171,娑婆诃 사바하
27615233,你好，之华
26952704,巴斯特·斯克鲁格斯的歌谣 The Ballad of Buster Scruggs
27037053,夜以继日 寝ても覚めても
27197086,国家破产之日 국가부도의 날
26996640,反贪风暴3 L風暴
27065898,神探蒲松龄
27072795,幸福的拉扎罗 Lazzaro felice
27602116,我的英雄学院：两位英雄 僕のヒーローアカデミア THE MOVIE ～2人の英雄～
26920842,副总统 Vice
26290410,昨日青空
26741061,胡桃夹子和四个王国 The Nutcracker And The Four Realms
26426194,巨齿鲨 The Meg
27102569,悲伤逆流成河
3927789,三方国界 Triple Frontier
26630714,精灵旅社3：疯狂假期 Hotel Transylvania 3: Summer Vacation
30122633,快把我哥带走
27042467,摇摆狂潮 스윙키즈
26602900,魔女 마녀
27088750,我身体里的那个家伙 내안의 그놈
26369884,此房是我造 The House That Jack Built
26786642,摘金奇缘 Crazy Rich Asians
25882296,狄仁杰之四大天王
26804147,摩天营救 Skyscraper
27160618,阳光姐妹淘 SUNNY 強い気持ち・強い愛
27035334,检察方的罪人 検察側の罪人
27133303,超时空同居
27110363,名侦探柯南：零的执行人 名探偵コナン ゼロの執行人
4221462,掠食城市 Mortal Engines
30414462,黑镜：潘达斯奈基 Black Mirror: Bandersnatch
30194769,女孩 Girl
27074301,德鲁大叔 Uncle Drew
26994789,天气预爆
25849049,超人总动员2 Incredibles 2
27003543,与神同行2：因与缘 신과함께-인과 연
26385514,性别为本 On the Basis of Sex
26649687,终点到达 Then Came You
26654269,瞒天过海：美人计 Ocean's Eight
3026559,登月第一人 First Man
30146756,风语咒
1945750,污垢 The Dirt
3095514,阴风阵阵 Suspiria
27072988,一个小忙 A Simple Favor
27109879,硬核 ハード・コア
26611891,欢乐满人间2 Mary Poppins Returns
26707088,奎迪：英雄再起 Creed II
27133913,黑色党徒 BlacKkKlansman
30223840,脱欧：无理之战 Brexit: The Uncivil War
27066184,被抹去的男孩 Boy Erased
27607378,龙珠超：布罗利 ドラゴンボール超 ブロリー
27601006,翠丝 翠絲
27199577,银魂2 銀魂2 掟は破るためにこそある
27597950,64号病历 Journal 64
26999424,我的间谍前男友 The Spy Who Dumped Me
27092648,蒙上你的眼 Bird Box
26416062,侏罗纪世界2 Jurassic World: Fallen Kingdom
30317630,坏种 The Bad Seed
26363987,你能原谅我吗？ Can You Ever Forgive Me?
30334122,芳龄十六 Level 16
27176742,驭风男孩 The Boy Who Harnessed the Wind
30143523,死亡天使 El ángel
30201003,寄宿学校 Boarding School
27150284,速成家庭 Instant Family
26683723,后来的我们
26711223,斯坦和奥利 Stan & Ollie
27617348,门锁 도어락
26970964,宁静 Serenity
25917789,铁血战士 The Predator
27069427,黄金兄弟
26810318,阿尔法：狼伴归途 Alpha
27149818,胖子行动队
26894602,冷战 Zimna wojna
27180599,极线杀手 Polar
30300277,T-34坦克 T-34
23774869,绿毛怪格林奇 The Grinch
26359235,克里斯托弗·罗宾 Christopher Robin
27179199,本回家了 Ben is Back
30164711,咖啡未冷前 コーヒーが冷めないうちに
27062637,利兹与青鸟 リズと青い鳥
26969120,你的鸟儿会唱歌 きみの鳥はうたえる
26411377,你的婚礼 너의 결혼식
27604257,响～成为小说家的方法～ 響 HIBIKI
30335059,熊出没·原始时代
27064658,致所有我曾爱过的男孩 To All the Boys I've Loved Before
26825664,修女 The Nun
26425062,武林怪兽
26988000,开战 En Guerre
26759819,命运之夜——天之杯2：失去之蝶 劇場版Fate/stay night Heaven's Feel II.lost butterfly
26796664,叶问外传：张天志 葉問外傳：張天志
26684528,库尔斯克 Kursk
27087130,假若比尔街能说话 If Beale Street Could Talk
27191173,恋如雨止 恋は雨上がりのように
27201353,大师兄 大師兄
20425292,私人战争 A Private War
27055378,白小姐 미쓰백
26878883,野梨树 Ahlat Ağacı
27109553,无间炼狱 Destroyer
26966758,逃出水泥地 Dragged Across Concrete
26992553,皇家酒店谋杀案 Bad Times at the El Royale
27039069,宝贝儿
27607255,自由了！ En liberté!
27042544,邻座的怪同学 となりの怪物くん
27002812,难道不浪漫 Isn't It Romantic
26969115,霸主 Overlord
30176282,词典 말모이
26600786,希斯特斯兄弟 The Sisters Brothers
30242164,海吉拉
27040853,协商 협상
26944582,雪怪大冒险 Smallfoot
27019982,印度暴徒 Thugs of Hindostan
24299053,老人和枪 The Old Man and the Gun
27045615,未来的未来 未来のミライ
30181130,阿拉姜色
30334399,三夫
27180356,完美的他人 완벽한타인
6538807,冰海陷落 Hunter Killer
10759740,滴答屋 The House with a Clock in its Walls
30194752,边境 Gräns
11639146,玛丽女王 Mary Queen of Scots
30412189,罗布奥特曼剧场版：决定了！羁绊的水晶 劇場版 ウルトラマンR/B セレクト！絆のクリスタル
3059389,漂亮男孩 Beautiful Boy
30158971,企鹅公路 ペンギン・ハイウェイ
30299345,康斯坦丁：恶魔之城 电影版 Constantine City of Demons: The Movie
26430636,狂暴巨兽 Rampage
30290776,你不是一个人
30162520,盛夏 Лето
27604296,家和万事惊 家和萬事驚
26219713,克隆人 Replicas
3148663,福尔摩斯与华生 Holmes and Watson
4017146,月光光心慌慌 Halloween
30156898,肆式青春 詩季織々
27050259,妈妈咪呀2 Mamma Mia! Here We Go Again
26356631,伸冤人2 The Equalizer 2
30154537,高潮 Climax
26268602,寡妇联盟 Widows
27027799,王者少年 The Kid Who Would Be King
30183666,老爸102岁 102 Not Out
3179698,伦敦战场 London Fields
26627736,边境杀手2：边境战士 Sicario: Day of the Soldado
26774033,幕后玩家
30293828,中国合伙人2
27082461,三次元女友 3D彼女 リアルガール
27087787,绝地隧战 PMC: 더벙커
26992383,龙虾刑警
27139732,你给的仇恨 The Hate U Give
26887153,冥王星时刻
30218116,哈纳莱伊湾 ハナレイ・ベイ
26992114,孤狼之血 孤狼の血
26945122,麻药王 마약왕
30206431,过昭关
27184199,挪威7·22爆炸枪击案 22 July
27187912,逃组 뺑반
27615564,的士速递5 Taxi 5
30168032,战斗民族养成记
30148183,独孤：倒回 독고 리와인드
30143861,我的冤家是条狗 Patrick
30322398,无痛侠 Mard Ko Dard Nahin Hota
26937563,惊涛飓浪 Adrift
27621494,人面鱼：红衣小女孩外传 人面魚：紅衣小女孩外傳
27021609,超大号美人 I Feel Pretty
30156266,我是江小白 剧场版
27017673,犬舍惊魂 Dogman
30423524,乌里：外科手术式打击 Uri: The Surgical Strike
26762269,90年代中期 Mid90s
26348846,罗宾汉：起源 Robin Hood
27135946,天鹅绒圆锯 Velvet Buzzsaw
26958485,逆流大叔
30181789,愤怒的黄牛 성난황소
27149755,大浴场 Le Grand Bain
30387441,天方异谈
30197496,野性 Sauvage
26786317,银湖之底 Under the Silver Lake
25900947,游侠索罗：星球大战外传 Solo: A Star Wars Story
26936272,犬屋敷 真人版 いぬやしき
26607969,未择之路
27156537,最好的朋友 Mi mejor amigo
27012900,俄国新娘 The Russian Bride
27113810,暗数杀人 암수살인
26437223,22英里 Mile 22
4844731,境·界 BLEACH
27098363,自杀小队：严厉惩罚 Suicide Squad: Hell to Pay
27091624,邻里的人们 동네사람들
27063403,悠哉日常大王剧场版：假期活动 劇場版 のんのんびより ばけーしょん
30406190,哥哥 Un frère
26908287,一生 Life Itself
27168151,上流社会 상류사회
30195228,男人要自爱 Je ne suis pas un homme facile
30286112,乔纳斯 Jonas
27601070,集中营里的摄影师 El fotógrafo de Mauthausen
26779571,小家伙 Айка
26852903,光之声 Vox Lux
3212397,根西岛文学与土豆皮馅饼俱乐部 The Guernsey Literary and Potato Peel Pie Society
26975011,猖獗 창궐
30188247,地牢回忆 La noche de 12 años
27045854,屠宰场准则 Slaughterhouse Rulez
10546771,重塑人生 Second Act
27029495,法外之王 Outlaw King
27621184,君主！先发制人 センセイ君主
27102557,战中女人 Kona fer í stríð
27050878,永恒之门 At Eternity's Gate
30192287,把哥哥退货可以吗？ น้อง.พี่.ที่รัก
30283526,塔巴德 Tumbbad
30282596,小小巨人 Giant Little Ones
25864719,嗜人之夜 The Night Comes for Us
27038235,薄荷 Peppermint
27098365,超人王朝 Reign of the Supermen
27165968,少年泰坦出击电影版 Teen Titans Go! To the Movies
27019570,时间怪客 Time Freak
27098364,超人之死 The Death of Superman
27191829,初吻50次 50回目のファーストキス
26989735,空中轮胎 空飛ぶタイヤ
27155457,目击者 목격자
27069377,淡蓝琥珀
26830774,影像之书 Le livre d'image
30209020,粽邪
26683287,刺心 Un couteau dans le cœur
26825688,姐姐 언니
26601224,人尽皆知 Todos lo saben
26658194,蜘蛛网中的女孩 The Girl in the Spider's Web
30295908,小猪佩奇过大年
27025631,咏鹅 군산: 거위를 노래하다
26942853,镜中人 Look Away
30189817,江边旅馆 강변호텔
27160683,忍者蝙蝠侠 Batman Ninja
26905717,人类清除计划4 The First Purge
26979347,一代巨星桑杰君 Sanju
26908051,使徒 Apostle
27013111,抓人游戏 Tag
26969244,亲吻亭 The Kissing Booth
26935281,郊区的鸟
27203619,差等生乔曦
27127793,一周不死，全额退款 Dead in a Week: Or Your Money Back
26730542,有五个姐姐的我就注定要单身了啊！！ 有五個姊姊的我就註定要單身了啊！！
25850442,森林之子毛克利 Mowgli
30355903,卖身 Doing Money
25727544,寻找罗麦
26998315,真心话大冒险 Truth or Dare
30283308,阿浪的远方
26691361,21克拉
27195080,泄密者 洩密者們
26934399,毒战 독전
3274508,谁杀死了堂吉诃德 El hombre que mató a Don Quijote
27097816,罪途1之死亡列车
27197468,地面之洞 The Hole in the Ground
26722224,匿名者 Anon
26924141,低压槽：欲望之城 低壓槽
27121032,她的故事 허스토리
30411657,阿加莎与谋杀的真谛 Agatha and the Truth of Murder
30466832,独家记忆番外之相信爱
26389835,海鸥 The Seagull
27037052,烧肉龙 焼肉ドラゴン
27002092,黑衣女人 Ladies in Black
26999591,牵牛花与加濑同学 あさがおと加瀬さん。
26931155,给19岁的我自己
30174107,三张面孔 سه چهره
26661189,脱单告急
27145025,精灵宝可梦：大家的故事 劇場版 ポケットモンスター みんなの物語
27202825,最后一球 Тренер
27107625,代号基亚斯：反叛的鲁路修3之皇道 コードギアス 反逆のルルーシュⅢ 皇道
27611038,猫是要抱着的 猫は抱くもの
30228425,禁入直播 Cam
27126350,哥斯拉：噬星者 GODZILLA 星を喰う者
26411377,你的婚礼 너의 결혼식
30267308,第三种魅力 제3의 매력
30181455,金秘书为何那样 김비서가 왜 그럴까
26776469,我的！体育老师
1292271,毕业生 The Graduate
6973376,致我们终将逝去的青春
11502153,黑镜 第二季 Black Mirror Season 2
3771562,普罗米修斯 Prometheus
3319755,怦然心动 Flipped
1297052,侧耳倾听 耳をすませば
1304056,茜茜公主 Sissi
4202302,借东西的小人阿莉埃蒂 借りぐらしのアリエッティ
27166442,夏目友人帐 劇場版 夏目友人帳 ～うつせみに結ぶ～
27060077,绿皮书 Green Book
3562674,60岁的情书 60歳のラブレター
27133303,超时空同居
2353023,驯龙高手 How to Train Your Dragon
1291546,霸王别姬
25861610,熊出没之年货
26999861,明星大侦探 第三季
26979097,0
26428635,咱们穿越吧 第一季
26609488,女婿上门了
30241701,颤抖吧阿部之朵星风云
2249496,公主小妹
27615866,人不彪悍枉少年
30352908,生活对我下手了
2244426,雷霆沙赞！ Shazam!
2998270,大侦探福尔摩斯 Sherlock Holmes
26213252,惊奇队长 Captain Marvel
19899707,驯龙高手3 How To Train Your Dragon: The Hidden World
1950330,罗马 Roma
26813221,了不起的麦瑟尔夫人 第一季 The Marvelous Mrs. Maisel Season 1
1889243,星际穿越 Interstellar
26640371,犬之岛 Isle of Dogs
26425062,武林怪兽
24773958,复仇者联盟3：无限战争 Avengers: Infinity War
2210031,仙剑奇侠传
3606971,飓风营救2 Taken 2
1296717,夺宝奇兵 Raiders of the Lost Ark
1947549,生死狙击 Shooter
25790761,东方快车谋杀案 Murder on the Orient Express
6390823,美国队长2 Captain America: The Winter Soldier
26796664,叶问外传：张天志 葉問外傳：張天志
26394152,大黄蜂 Bumblebee
2138838,美国队长 Captain America: The First Avenger
30158971,企鹅公路 ペンギン・ハイウェイ
27202819,反贪风暴4 P風暴
27663742,老师·好
27145404,紧急救命 劇場版 コード・ブルー-ドクターヘリ緊急救命-
26751899,愚行录 愚行録
26303622,大空头 The Big Short
25924056,小飞象 Dumbo
30164711,咖啡未冷前 コーヒーが冷めないうちに
27042544,邻座的怪同学 となりの怪物くん
27201353,大师兄 大師兄
20425292,私人战争 A Private War
26284621,追凶者也
25728010,老手 베테랑
25798448,解救吾先生
26311973,唐人街探案
5194471,画壁
10604892,四大名捕2
10604486,不二神探
6796158,铜雀台
26701196,无主之作 Werk ohne Autor
26920842,副总统 Vice
26952576,龙先生 ミスター・ロン
30164448,海市蜃楼 Durante la tormenta
30135113,骡子 The Mule
27601006,翠丝 翠絲
5300054,波西米亚狂想曲 Bohemian Rhapsody
27191431,过春天
30377703,来电狂响
27185558,在乎你
26728669,风中有朵雨做的云
3620923,史说汉字
3571540,汉字五千年
27062853,汉字 漢字
25823280,东宫
25881247,边境杀手 Sicario
2361386,堕入地狱 Drag Me to Hell
26718828,勇往直前 Only the Brave
3017691,逃出熔炉 Out of the Furnace
3819877,活埋 Buried
26810318,阿尔法：狼伴归途 Alpha
25775571,人类清除计划2：无政府状态 The Purge: Anarchy
10453723,人类清除计划 The Purge
26384493,以女儿之名 Au nom de ma fille
26602900,魔女 마녀
20644938,硅谷 第一季 Silicon Valley Season 1
26992383,龙虾刑警
27597250,极限职业 극한직업
26970964,宁静 Serenity
26816076,“大”人物
27006232,真探 第三季 True Detective Season 3
1945780,血色将至 There Will Be Blood
6121141,套利交易 Arbitrage
26266893,流浪地球
30242164,海吉拉
26683290,你的名字。 君の名は。
26430107,二十二
3011091,忠犬八公的故事 Hachi: A Dog's Tale
26752088,我不是药神
26804147,摩天营救 Skyscraper
4058933,一个明星的诞生 A Star Is Born
2037012,革命之路 Revolutionary Road
27068596,Live 살다
27622447,小偷家族 万引き家族
30304086,触及真心 진심이 닿다
3205624,社交网络 The Social Network
1305306,心慌方2：超立方体 Cube 2: Hypercube
10546666,龙虎少年队2 22 Jump Street
3072889,龙虎少年队 21 Jump Street
26666177,杀戮都市：O GANTZ:O
30181230,我们与恶的距离 我們與惡的距離
11639146,玛丽女王 Mary Queen of Scots
30194769,女孩 Girl
30306764,证人 증인
27101775,共犯者们 공범자들
30167509,徒手攀岩 Free Solo
26363987,你能原谅我吗？ Can You Ever Forgive Me?
3914513,马戏之王 The Greatest Showman
27045615,未来的未来 未来のミライ
1304447,记忆碎片 Memento
5045678,大鱼海棠
2303845,刺客聂隐娘
10533913,头脑特工队 Inside Out
6128025,你是下一个 You're Next
21360412,狂舞派
20276953,机械危情 The Machine
3009053,0
27185563,日日是好日
27109879,硬核机器人 ハード・コア
30143523,死亡天使 El ángel
30272423,粉雄救兵 第三季 Queer Eye Season 3
30240344,半边天
27042467,摇摆狂潮 스윙키즈
10466639,致命录像带 V/H/S
26320771,德国恐惧 German Angst
26600660,分裂 Split
26292833,不期而遇 Beyond The Sky
1985677,异星战场 John Carter
1482717,决战天门
26923951,汉娜格蕾丝的着魔 The Possession of Hannah Grace
27012731,噩梦娃娃屋 Ghostland
30209818,忌日快乐2 Happy Death Day 2U
26740391,神盾局特工 第四季 Agents of S.H.I.E.L.D. Season 4
26999424,我的间谍前男友 The Spy Who Dumped Me
27003543,与神同行2：因与缘 신과함께-인과 연
26654269,瞒天过海：美人计 Ocean's Eight
27088750,我身体里的那个家伙 내안의 그놈
25849049,超人总动员2 Incredibles 2
26426194,巨齿鲨 The Meg
26994789,天气预爆
26741061,胡桃夹子和四个王国 The Nutcracker And The Four Realms
30282596,小小巨人 Giant Little Ones
30194752,边境 Gräns
3878007,海王 Aquaman
30163509,飞驰人生
25986662,疯狂的外星人
26383526,16 Sixteen 식스틴
27204617,善地 第三季 The Good Place Season 3
26691320,帝一之国 帝一の國
30230601,埃蒙和萝丝：奢侈的一小半是怎么生活的 第一季 Eamonn and Ruth: How the Other Half Lives Season 1
2051007,哈利·波特与死亡圣器(上) Harry Potter and the Deathly Hallows: Part 1
1433330,哈利·波特与混血王子 Harry Potter and the Half-Blood Prince
1457217,哈利·波特与凤凰社 Harry Potter and the Order of the Phoenix
1309055,哈利·波特与火焰杯 Harry Potter and the Goblet of Fire
1291544,哈利·波特与阿兹卡班的囚徒 Harry Potter and the Prisoner of Azkaban
2130529,拳皇 The King of Fighters
3569911,全面回忆 Total Recall
6221409,河东狮吼2
3090455,波西·杰克逊与神火之盗 Percy Jackson & the Olympians: The Lightning Thief
6972849,死亡飞车3：地狱烈焰 Death Race 3: Inferno
3329192,未来警察
4904026,吐司 Toast
5360890,羞耻 Shame
22715021,僵尸 殭屍
26628329,南极之恋
27077266,米花之味
26956031,天乩之白蛇传说
25970952,封神演义
27145039,黄金瞳
25853693,我的爱对你说
30329265,王牌对王牌 第四季
25865815,倚天屠龙记
27088997,青春斗
26322806,今晚睇李
27172911,幕后之王
27109679,密室逃生 Escape Room
26219713,克隆人 Replicas
27031237,玻璃先生 Glass
27173633,印第安·豪斯 Indian Horse
25954475,聚焦 Spotlight
4116480,菲利普船长 Captain Phillips
27088993,都挺好
1904606,炼狱 Чистилище
26794232,炼狱信使 A Prayer Before Dawn
30331149,白蛇：缘起
5977835,桃姐
27119586,谁先爱上他的 誰先愛上他的
30156898,肆式青春 詩季織々
1297018,冒牌天神 Bruce Almighty
10594965,实习生 The Intern
24751756,老炮儿
2043546,秒速5厘米 秒速5センチメートル
3742360,让子弹飞
26925317,动物世界
27594473,野玫瑰 Wild Rose
20443013,救火英雄
26392201,高科技过敏症 Technophobe
27097841,恶行 The Act
27602530,永生之地 Never Grow Old
2160145,科幻大师 Masters Of Science Fiction
1900784,女佣 The Maid
3217153,十三 13
26980827,那就是我的世界 그것만이 내 세상
26797690,大江大河
27102569,悲伤逆流成河
27113810,暗数杀人 암수살인
6080756,公司职员 회사원
30156039,风味人间
26848645,将夜
26356631,伸冤人2 The Equalizer 2
30210768,傲骨之战 第三季 The Good Fight Season 3
30198838,杀死伊芙 第二季 Killing Eve Season 2
25820279,镜花水月 第一季 UnReal Season 1
27053945,我们 Us
25851541,0
10569144,0
25780664,0
30183666,老爸102岁 102 Not Out
24695277,一个人的武林
3095514,阴风阵阵 Suspiria
30181130,阿拉姜色
20438964,无敌破坏王2：大闹互联网 Ralph Breaks the Internet
26774033,幕后玩家
25823277,三生三世十里桃花
30293828,中国合伙人2
26985127,一出好戏
27087787,绝地隧战 PMC: 더벙커
4840388,新喜剧之王
27202960,小女花不弃
26920281,香蜜沉沉烬如霜
25975243,三生三世十里桃花
27080949,双世宠妃
26808247,将军在上
27139732,你给的仇恨 The Hate U Give
32568510,人格四重奏 페르소나
27109267,妒忌 Jalouse
1308796,柔道龙虎榜
27053768,伦敦生活 第二季 Fleabag Season 2
26585014,希特勒回来了 Er ist wieder da
27050133,死寂 The Silence
30140092,小美
27148176,奔跑吧！T校篮球部 走れ！T校バスケット部
1305903,心慌方 Cube
1300868,异形 Alien
1306809,生化危机 Resident Evil
1293792,异形2 Aliens
1945330,迷雾 The Mist
1299765,回魂夜
1773217,鬼影 ชัตเตอร์ กดติดวิญญาณ
1308752,生化危机2：启示录 Resident Evil: Apocalypse
1293839,罗马假日 Roman Holiday
26366496,邪不压正
20270421,行动代号：孙中山 行動代號：孫中山
25944886,灾难艺术家 The Disaster Artist
26909423,路过未来
26683723,后来的我们
27205042,水晶争夺战
30334073,调音师 Andhadhun
30428103,最强大脑之燃烧吧大脑 第二季
26803711,阿唐奇遇
3718279,死侍 Deadpool
2124703,疯狂的赛车
26786642,摘金奇缘 Crazy Rich Asians
1652592,阿丽塔：战斗天使 Alita: Battle Angel
27064955,火王之千里同风
26937563,惊涛飓浪 Adrift
1499008,满城尽带黄金甲
3793023,三傻大闹宝莱坞 3 Idiots
26354526,睡在我上铺的兄弟
3993588,狼图腾
1294671,中华英雄 中華英雄
1302495,阴阳路3：升棺发财
4151110,山楂树之恋
1388175,下妻物语 下妻物語
25958717,海蒂和爷爷 Heidi
1309163,恋恋笔记本 The Notebook
1293145,费城故事 Philadelphia
1849031,当幸福来敲门 The Pursuit of Happyness
1306029,美丽心灵 A Beautiful Mind
3075287,源代码 Source Code
3805946,比悲伤更悲伤的故事 슬픔보다 더 슬픈 이야기
30141372,303
3992381,不可饶恕 용서는 없다
3006309,追击者 추격자
3743114,黄海 황해
30387441,天方异谈
27615441,网络谜踪 Searching
1292206,地下 Подземље
5995338,如沐爱河 Like Someone in Love
10438426,浮城谜事
1294565,五至七时的克莱奥 Cléo de 5 à 7
1292994,开罗紫玫瑰 The Purple Rose of Cairo
10575206,奇迹的苹果 奇跡のリンゴ
22265634,星球大战8：最后的绝地武士 Star Wars: The Last Jedi
20326665,星球大战7：原力觉醒 Star Wars: The Force Awakens
25900947,游侠索罗：星球大战外传 Solo: A Star Wars Story
4099231,辉夜姬物语 かぐや姫の物語
2305334,先生贵性 先生貴性
25831331,续倒数第二次恋爱 続・最後から二番目の恋
6989744,倒数第二次恋爱 最後から二番目の恋
1441794,走向共和
1309021,康斯坦丁 Constantine
26936272,犬屋敷 真人版 いぬやしき
30348783,最美公路
26963808,魔神Z 劇場版 マジンガーZ / INFINITY
1291999,重庆森林 重慶森林
1293544,沉默的羔羊 The Silence of the Lambs
26968024,我是你妈
3819939,极恶非道 アウトレイジ
26990609,华盛顿邮报 The Post
26787574,奇迹男孩 Wonder
4920389,头号玩家 Ready Player One
25932086,我是谁：没有绝对安全的系统 Who Am I - Kein System ist sicher
1307542,火柴人 Matchstick Men
1291545,大鱼 Big Fish
1301711,不死劫 Unbreakable
1309200,绝密飞行 Stealth
1292212,天使之城 City of Angels
1299054,香草的天空 Vanilla Sky
26367579,火海凌云 Экипаж
11584016,与神同行：罪与罚 신과함께-죄와 벌
27180599,极线杀手 Polar
4844731,境·界 BLEACH
1303145,薄荷糖 박하사탕
1292965,不羁夜 Boogie Nights
6013893,城市猎人 시티헌터
26299410,梦想合伙人
25843976,夏有乔木 雅望天堂
21941770,赏金猎人
24307637,江南1970 강남 1970
27180356,完美的他人 완벽한타인
1291557,花样年华 花樣年華
1303173,甲方乙方
1997681,心急吃不了热豆腐
30182729,包宝宝 Bao
30263199,岁岁年年柿柿红
1297863,武状元苏乞儿
26346327,养家之人 The Breadwinner
27050259,妈妈咪呀2 Mamma Mia! Here We Go Again
30192401,气球 Ballon
30476761,德里罪案 Delhi Crime
26588308,死侍2：我爱我家 Deadpool 2
27019982,印度暴徒 Thugs of Hindostan
30283526,塔巴德 Tumbbad
26425063,无双 無雙
27074301,德鲁大叔 Uncle Drew
30181789,愤怒的黄牛 성난황소
1947089,投名状
2359450,夺帅 奪帥
1417555,冬荫功 ต้มยำกุ้ง
1308713,拳霸 องค์บาก
26924141,低压槽：欲望之城 低壓槽
1578507,谍影重重3 The Bourne Ultimatum
27038235,薄荷 Peppermint
30137085,信号 长期未解决事件搜查组 シグナル 長期未解決事件捜査班
27098364,超人之死 The Death of Superman
26905469,金蝉脱壳2：冥府 Escape Plan 2: Hades
27594260,女神探夏洛克 ミス・シャーロック
26824001,黑暗之中 In Darkness
26770698,不汗党 불한당: 나쁜 놈들의 세상
27069070,哆啦A梦：大雄的金银岛 ドラえもん のび太の宝島
26792540,真相漩涡 Spinning Man
30221703,罪途3之正义规则
1460919,全职猎人 Hunter x Hunter
25970953,皓镧传
3168101,毒液：致命守护者 Venom
25821634,雷神3：诸神黄昏 Thor: Ragnarok
25881611,战神纪
2997076,华尔街之狼 The Wolf of Wall Street
26953476,生财有道
30453048,中国诗词大会 第四季
24843509,贪嘴意大利 第二季 Two Greedy Italians: Still Hungry Season 2
10742835,贪嘴意大利 第一季 Two Greedy Italians Season 1
26386034,极寒之城 Atomic Blonde
1304102,谍影重重 The Bourne Identity
25798131,疾速追杀 John Wick
27160683,忍者蝙蝠侠 Batman Ninja
26260853,速度与激情8 The Fate of the Furious
27624661,比悲伤更悲伤的故事 比悲傷更悲傷的故事
26946510,犯罪都市 범죄도시
25986180,釜山行 부산행
25919910,师父
25727544,寻找罗麦
1292792,我自己的爱达荷 My Own Private Idaho
1914831,盛夏光年
26761328,天盛长歌
27186315,中国新说唱
26998315,真心话大冒险 Truth or Dare
27145130,六年，六天
26322774,纯洁心灵·逐梦演艺圈
30482099,命之途
30426954,妻子的浪漫旅行 第二季
30446698,一品爵爷
30353507,大汉十三将之血战疏勒城
30416876,东海龙棺
26184585,秦时明月之沧海横流
30370874,男团秘事
27186648,唐砖
30283308,阿浪的远方
19965220,父母爱情
26923049,再创世纪
1292001,海上钢琴师 La leggenda del pianista sull'oceano
4739952,初恋这件小事 สิ่งเล็กเล็กที่เรียกว่า...รัก
26691361,21克拉
26877492,小森林 리틀 포레스트
26942674,神秘巨星 Secret Superstar
27195080,泄密者 洩密者們
3445906,古墓丽影：源起之战 Tomb Raider
26934399,毒战 독전
3078549,虎胆追凶 Death Wish
26636712,蚁人2：黄蜂女现身 Ant-Man and the Wasp
26388341,贝鲁特 Beirut
27129663,冠军 챔피언
1305690,阿飞正传 阿飛正傳
26942631,起跑线 Hindi Medium
27079318,北方一片苍茫
27040826,代码211 211
26426099,极致追击
1921003,陌生人 The Strangers
30219670,罪途2之救赎代价
1900841,窃听风暴 Das Leben der Anderen
27176742,驭风男孩 The Boy Who Harnessed the Wind
1947114,跟踪 跟蹤
1305843,目露凶光
1308035,顺流逆流 順流逆流
30192433,为爱叛逆2之逆战到底 Baaghi 2: A Rebel For Love
25994641,先下手为强
26815381,黑夜造访 It Comes at Night
30409713,失控之枪林弹雨
30387535,最萌警探 Напарник
25792690,反贪风暴 Z風暴
26352445,反贪风暴2 S風暴
26972258,江湖儿女
27135751,照看隔壁店 Cek Toko Sebelah
26916229,镰仓物语 DESTINY 鎌倉ものがたり
1291841,教父 The Godfather
26336252,碟中谍6：全面瓦解 Mission: Impossible - Fallout
26607969,未择之路
1303394,青蛇
1300267,乱世佳人 Gone with the Wind
26309969,新乌龙院之笑闹江湖
26970809,时间陷阱 Time Trap
26611801,一念天堂
24750534,蝙蝠侠大战超人：正义黎明 Batman v Superman: Dawn of Justice
1292343,蝴蝶效应 The Butterfly Effect
27110296,无名之辈
30414462,黑镜：潘达斯奈基 Black Mirror: Bandersnatch
26850330,欲念游戏
26803717,我的宠物是大象
27179414,人间·喜剧
30180156,粉雄救兵 第二季 Queer Eye Season 2
30241099,辉夜大小姐想让我告白 ~天才们的恋爱头脑战~ かぐや様は告らせたい～天才たちの恋愛頭脳戦～
30206430,约定的梦幻岛 約束のネバーランド
30219698,歌手2019
27607378,龙珠超：布罗利 ドラゴンボール超 ブロリー
30463396,铁石心肠2019 หัวใจศิลา
25798811,世间情 世間情
4896273,铁石心肠 หัวใจศิลา
4889475,爱在路上 ดอกรักริมทาง
1401526,摄氏零度·春光再现
2190929,刑事侦缉档案3 刑事偵緝檔案Ⅲ
27075195,招摇
4864908,影
24852545,爱情公寓
26647182,废柴兄弟3
6527269,危险关系
1961963,长江七号
25710912,港囧
24879858,分手大师
26374197,蜘蛛侠：平行宇宙 Spider-Man: Into the Spider-Verse
2131459,机器人总动员 WALL·E
26779274,舞法天女朵法拉
26993119,汉娜 第一季 Hanna Season 1
1300926,圣诞怪杰 How the Grinch Stole Christmas
27027799,王者少年 The Kid Who Would Be King
30206742,玛丽学园
27193043,一条狗的回家路 A Dog's Way Home
30346900,囚犯医生 닥터 프리즈너
27087724,好莱坞往事 Once Upon a Time In Hollywood
30283179,撞死了一只羊
27170563,下海
27040853,协商 협상
1293867,和平饭店
25862357,权力的游戏 第六季 Game of Thrones Season 6
6506809,爱情的尸检报告 Pyaar Ka Punchnama
25826612,权力的游戏 第五季 Game of Thrones Season 5
23232876,权力的游戏 第四季 Game of Thrones Season 4
1765009,歌舞青春 High School Musical
10590706,权力的游戏 第三季 Game of Thrones Season 3
6558062,权力的游戏  第二季 Game of Thrones Season 2
6082518,超凡蜘蛛侠2 The Amazing Spider-Man 2
1298070,加勒比海盗 Pirates of the Caribbean: The Curse of the Black Pearl
26147417,神奇动物：格林德沃之罪 Fantastic Beasts: The Crimes of Grindelwald
1482911,生化危机3：灭绝 Resident Evil: Extinction
26928226,知否知否应是绿肥红瘦
27195038,双世宠妃Ⅱ
27602116,我的英雄学院：两位英雄 僕のヒーローアカデミア THE MOVIE ～2人の英雄～
1293359,菊次郎的夏天 菊次郎の夏
24380770,街拍纽约 Everybody Street
1292434,一一
1294693,荆轲刺秦王
26946280,捕鸟记
26801782,缉枪
1962316,鹰与鲨鱼 Eagle vs Shark
26633257,地球最后的夜晚
27039069,宝贝儿
27040737,祈祷落幕时 祈りの幕が下りる時
1292781,细细的红线 The Thin Red Line
1422063,最终幻想7：圣子降临 ファイナルファンタジーVII アドベントチルドレン
25864719,嗜人之夜 The Night Comes for Us
23331914,狂怒 Fury
25716096,狗十三
26942645,厕所英雄 Toilet - Ek Prem Katha
26784967,使女的故事 第一季 The Handmaid's Tale Season 1
6874741,无问西东
30258179,奈何boss要娶我
27603700,阿尔罕布拉宫的回忆 알함브라 궁전의 추억
6534248,无敌破坏王 Wreck-It Ralph
27114416,廉政风云 廉政風雲 煙幕
27195043,铁探
26325320,血战钢锯岭 Hacksaw Ridge
1295409,纵横四海 緃横四海
26387939,摔跤吧！爸爸 Dangal
26611891,欢乐满人间2 Mary Poppins Returns
27038254,读书会 Book Club
26628282,宠儿 The Favourite
3059389,漂亮男孩 Beautiful Boy
1293838,星球大战 Star Wars
26252279,利器 Sharp Objects
27594217,性爱自修室 第一季 Sex Education Season 1
6011805,一九四二
26270502,绣春刀II：修罗战场
27027913,忌日快乐 Happy Death Day
1401524,X战警3：背水一战 X-Men: The Last Stand
1305724,X战警2 X2
3718424,金刚狼2 The Wolverine
3026357,老爷车 Gran Torino
1300741,枪火 鎗火
26358696,我的前半生
26698897,唐人街探案2
3882715,武林外传
27605698,西虹市首富
30287729,正义联盟大战致命五人组 Justice League vs. The Fatal Five
30446720,后街女孩 电视剧版 BACK STREET GIRLS -ゴクドルズ-
26956644,电影最TOP
30322997,少数人的晚餐 Dinner for Few
1578714,神奇女侠 Wonder Woman
1302467,黑客帝国3：矩阵革命 The Matrix Revolutions
1304141,黑客帝国2：重装上阵 The Matrix Reloaded
25777636,奇幻森林 The Jungle Book
1306154,罗密欧与朱丽叶 Romeo + Juliet
26340419,帕丁顿熊2 Paddington 2
1291843,黑客帝国 The Matrix
24381366,Free!
6126502,未来日记 未来日記
5397537,我们仍未知道那天所看见的花的名字 あの日見た花の名前を僕達はまだ知らない。
3927789,三方国界 Triple Frontier
30122624,吸血鬼生活 What We Do in the Shadows
26899146,雪暴
26336778,新阴阳魔界 The Twilight Zone
30032768,拜见宫主大人2
25698722,来自星星的你 별에서 온 그대
30214439,我就是演员
26999852,延禧攻略
30311112,乐高大宅——积木家园 LEGO House - Home of the Brick
5392075,橱柜童子 たんすわらし。
1878865,十英寸的英雄 Ten Inch Hero
11613507,变态者意识形态指南 The Pervert's Guide to Ideology
1297874,马耳他之鹰 The Maltese Falcon
1295872,西北偏北 North by Northwest
30180779,现在启示录 Now Apocalypse
7058117,苦役列车 苦役列車
27150284,速成家庭 Instant Family
6537486,登堂入室 Dans la maison
1308086,昨天
3026559,登月第一人 First Man
26969115,霸主 Overlord
27073234,憨豆特工3 Johnny English Strikes Again
1300699,美国空姐 View from the Top
24299053,老人和枪 The Old Man and the Gun
26952704,巴斯特·斯克鲁格斯的歌谣 The Ballad of Buster Scruggs
2997325,我的团长我的团
27199784,人间世 第二季
26602244,最好的我们
30432809,经典咏流传 第二季
1302874,风月
26936282,见字如面 第一季
30353394,声入人心
1292220,情书 Love Letter
30263969,纯真年代
28427782,我的天才女友 第一季 L'amica geniale Season 1
30263995,一吻定情
26844135,诡媚海妖 第一季 Siren Season 1
27016555,了不起的麦瑟尔夫人 第二季 The Marvelous Mrs. Maisel Season 2
26604456,毒枭 第二季 Narcos Season 2
25850640,毒枭 第一季 Narcos Season 1
1302531,少林搭棚大师 少林搭棚大師
27107140,我想吃掉你的胰脏 君の膵臓をたべたい
1793491,美食总动员 Ratatouille
10540066,大上海
30259908,请吃红小豆吧！
26339248,一拳超人 ワンパンマン
26425068,追龙 追龍
1950148,赎罪 Atonement
1920805,成为简·奥斯汀 Becoming Jane
26434819,天海祐希 魔法 王妃 英伦大地的女性们 ザ・プレミアム 天海祐希 魔法と妃（きさき）と女たち ロンドン・スコットランド
1292402,西西里的美丽传说 Malèna
1292709,下流勾当 Dirty Work
26997630,饺子公主 Dumplin'
1299556,飞越长生 Death Becomes Her
27092648,蒙上你的眼 Bird Box
26817018,今天的吉良同学 きょうのキラ君
26580232,看不见的客人 Contratiempo
26611076,溺水小刀 溺れるナイフ
26425035,齐木楠雄的灾难 真人版 斉木楠雄のΨ難
26783513,有喜欢的人 好きな人がいること
27187285,致命之吻 トドメの接吻
26788941,宠物情人 きみはペット
27037053,夜以继日 寝ても覚めても
1766086,太阳照常升起
4824969,老唐头
4073872,算命
30295871,了不起的巴斯特 The Great Buster: A Celebration
2301738,乡村医生 カフカ 田舎医者
2297265,浪潮 Die Welle
30482958,百年孤独 Cien años de soledad
1292330,恋恋风尘 戀戀風塵
1300572,童年往事
1293155,愤怒的公牛 Raging Bull
1296753,卡萨布兰卡 Casablanca
26004132,移动迷宫3：死亡解药 Maze Runner: The Death Cure
1293173,古墓丽影 Lara Croft: Tomb Raider
3546595,圆月弯刀 圓月彎刀
1906453,天地男儿 天地男兒
2990072,天地豪情
2157191,笑看风云 笑看風雲
1306785,极地特快 The Polar Express
1299247,007之明日帝国 Tomorrow Never Dies
26815054,大力女子都奉顺 힘쎈여자 도봉순
6846495,调音师(短片) L'accordeur
30367709,双面君王 왕이 된 남자
30337903,达利：不朽之旅 Salvador Dalí: In Search of Immortality
1302966,寻找小津 Tokyo-Ga
1293460,雨中曲 Singin' in the Rain
2244363,粉红女郎
25793398,海洋奇缘 Moana
1301646,瑟堡的雨伞 Les parapluies de Cherbourg
1292757,木偶奇遇记 Pinocchio
1433577,赛末点 Match Point
1305487,猫鼠游戏 Catch Me If You Can
6860160,悲惨世界 Les Misérables
1304665,X圣治 CURE キュア
25911595,第三种爱情
7054120,黑镜 第一季 Black Mirror Season 1
26774017,最佳男友进化论
25802411,神的礼物-14天 신의 선물 -14일
26947951,王国 第一季 킹덤 Season 1
26370296,彼铁卢 Peterloo
30196877,0
27664846,行尸走肉 第九季 The Walking Dead Season 9
26966758,逃出水泥地 Dragged Across Concrete
2464346,白丝带 Das weiße Band – Eine deutsche Kindergeschichte
26588314,伯德小姐 Lady Bird
1291858,鬼子来了
1292064,楚门的世界 The Truman Show
27197086,国家破产之日 국가부도의 날
26996640,反贪风暴3 L風暴
26984526,老中医
27065898,神探蒲松龄
27011763,灵能百分百 II モブサイコ100 II
27141125,开玩笑 第一季 Kidding Season 1
3578781,小凉宫春日的忧郁 涼宮ハルヒちゃんの憂鬱
2224505,幸运星 らき☆すた
4848701,日常
6894811,男子高中生的日常 男子高校生の日常
25850705,月刊少女野崎君 月刊少女野崎くん
26290410,昨日青空
30384357,密室大逃脱
30165621,声临其境 第二季
1293172,末代皇帝 The Last Emperor
10439239,青春警事
30329046,明星大侦探 第四季
27069427,黄金兄弟
27101749,作家 El autor
30201003,寄宿学校 Boarding School
1862151,疯狂的石头
26630714,精灵旅社3：疯狂假期 Hotel Transylvania 3: Summer Vacation
1294561,太极张三丰 太極張三豐
1304073,假如爱有天意 클래식
4321270,猫和老鼠 Tom and Jerry
30371518,巡逻现场实录2018
25966028,红色
30378752,职业人的作风：致艰难生存的你～编剧坂元裕二～ プロフェッショナル 仕事の流儀「生きづらい、あなたへ～脚本家・坂元裕二～」
30219684,三和人才市场  中国日结1500日元的年轻人们 三和 人材市場～中国・日給1500円の若者たち～
27176018,巡逻现场实录2017
26761416,至暗时刻 Darkest Hour
10727641,碟中谍5：神秘国度 Mission: Impossible - Rogue Nation
25815034,湄公河行动
27083561,朝花夕誓 さよならの朝に約束の花をかざろう
26579374,如果可以这样爱
3530403,云图 Cloud Atlas
3008247,穿条纹睡衣的男孩 The Boy in the Striped Pajamas
1466007,寂静岭 Silent Hill
6731992,无知无觉 Insensibles
26838164,伦敦生活 第一季 Fleabag Season 1
10743963,玻璃城堡 The Glass Castle
21447058,真命天子 Mr. Right
26864096,亚人 真人版 亜人
27036366,猴子 Monos
1306626,堤 La jetée
1294518,操行零分 Zéro de conduite: Jeunes diables au collège
1303418,你逃我也逃 To Be or Not to Be
26369884,此房是我造 The House That Jack Built
1293936,杀手 The Killing
27018285,现在去见你 지금 만나러 갑니다
26042888,没有宇宙我们无法生存 Мы не можем жить без космоса
26586766,勇敢者游戏：决战丛林 Jumanji: Welcome to the Jungle
7056414,通勤营救 The Commuter
6390825,黑豹 Black Panther
20435622,环太平洋：雷霆再起 Pacific Rim: Uprising
26614893,完美陌生人 Perfetti sconosciuti
27110363,名侦探柯南：零的执行人 名探偵コナン ゼロの執行人
30228909,奇葩说 第五季
30139731,原生之罪 第一季
1307811,魔女宅急便 魔女の宅急便
4221462,掠食城市 Mortal Engines
2300586,这个男人来自地球 The Man from Earth
26298756,无心法师
30377729,3年A班：从现在起，大家都是人质 3年A組 -今から皆さんは、人質です-
27121232,夏目友人帐 第六季 特别篇 铃响的残株 夏目友人帳 陸 特別編 鈴鳴るの切り株
30299805,皇后的品格 황후의 품격
26675617,古董局中局
30337114,一本好书
6010171,给桃子的信 ももへの手紙
30304087,天空之城 SKY 캐슬
25723583,英伦对决 The Foreigner
26581830,你好，旧时光
27040844,人生一串
26897009,极地
30316597,生命里
4212172,十二生肖
6872273,盲探
30122633,快把我哥带走
26647117,暴裂无声
1945750,污垢 The Dirt
30349667,指挥家 De dirigent
1295914,地狱门 地獄門
1389924,青之炎 青の炎
1329562,头文字D 頭文字D
25866686,第五波 The 5th Wave
26861685,红海行动
25662329,疯狂动物城 Zootopia
1291560,龙猫 となりのトトロ
1299112,梦 夢
26997663,寂静之地 A Quiet Place
2051453,停电夜杀手 Fall Down Dead
3291933,芦苇地 The Reeds
27045854,屠宰场准则 Slaughterhouse Rulez
26684528,库尔斯克 Kursk
27109553,无间炼狱 Destroyer
1307405,伦敦上空的鹰 La battaglia d'Inghilterra
26863778,铁雨 강철비
1295644,这个杀手不太冷 Léon
2993080,乘龙怪婿第一季
1293050,永不妥协 Erin Brockovich
1292778,将军号 The General
1291839,银翼杀手 Blade Runner
2997297,马大帅
6039412,时光尽头的恋人 The Age of Adaline
1295742,洛奇 Rocky
26724235,再见瓦城 再見瓦城
24753477,蜘蛛侠：英雄归来 Spider-Man: Homecoming
26728641,苏丹 Sultan
30223840,脱欧：无理之战 Brexit: The Uncivil War
27061582,奇葩大会 第二季
11803087,异形：契约 Alien: Covenant
6311303,加勒比海盗5：死无对证 Pirates of the Caribbean: Dead Men Tell No Tales
27133913,黑色党徒 BlacKkKlansman
27615564,的士速递5 Taxi 5
26416062,侏罗纪世界2 Jurassic World: Fallen Kingdom
25846857,公牛历险记 Ferdinand
27021609,超大号美人 I Feel Pretty
25964630,黑镜：圣诞特别篇 Black Mirror: White Christmas
1309044,世界之战 War of the Worlds
3212398,超能敢死队 Ghostbusters
25864085,火星救援 The Martian
1652587,阿凡达 Avatar
26363251,蒙面歌王 복면가왕
26735575,约吧大明星 第一季
26657834,新白娘子传奇
20445146,老有所依
30290642,心动的信号 第一季
25975293,百家讲坛
26642149,急诊室故事 第二季
25955488,查泰莱夫人的情人 Lady Chatterley's Lover
3821067,一代宗师 一代宗師
6815028,宋朝灰姑娘
26457368,流浪巴黎 Paris pieds nus
1291580,杀死比尔 Kill Bill: Vol. 1
1466910,搭讪的法则 작업의 정석
25831874,太阳的后裔 태양의 후예
27155457,目击者 목격자
1304536,绝色神偷
1946066,新结婚时代
30295908,小猪佩奇过大年
26720627,报告老师！怪怪怪怪物！ 報告老師！怪怪怪怪物！
2137327,泰坦 第一季 Titans Season 1
3012013,伸冤人 The Equalizer
25917789,铁血战士 The Predator
1305858,无声言证 Mute Witness
1296703,楢山节考 楢山節考
26627754,普通女人 Una mujer fantástica
27602137,我的大叔 나의 아저씨
26887064,当你沉睡时 당신이 잠든 사이에
27103757,今生是第一次 이번 생은 처음이라
26794215,我们这一天 第一季 This Is Us Season 1
26310143,信号 시그널
25867544,特工卡特 第一季 Agent Carter Season 1
25884422,逍遥法外 第一季 How to Get Away with Murder Season 1
3750104,朝圣之路 The Way
6722879,她 Her
27617348,门锁 도어락
3036997,立春
1895119,非法制裁 Death Sentence
1306505,红高粱
6536180,黑暗面 La cara oculta
1301582,苦月亮 Bitter Moon
30146756,风语咒
27202985,怒晴湘西
30317630,坏种 The Bad Seed
27166974,监狱犬计划
27202825,最后一球 Тренер
26815162,生存家族 サバイバルファミリー
26813286,幸福马上来
26862829,芳华
1292720,阿甘正传 Forrest Gump
26940008,来自深渊 メイドインアビス
26287884,魔弦传说 Kubo and the Two Strings
27126350,哥斯拉：噬星者 GODZILLA 星を喰う者
1292062,美国丽人 American Beauty
6538697,劫匪 The Highwaymen
30154537,高潮 Climax
6889533,乌鸦的拇指 カラスの親指
27012900,俄国新娘 The Russian Bride
10774104,德惠翁主 덕혜옹주
25823132,暗杀 암살
26945131,朴烈 박열
30461808,抗拒：柳宽顺的故事 항거: 유관순 이야기
27026004,志乃酱说不出自己的名字 志乃ちゃんは自分の名前が言えない
30481877,爱吃拉面的小泉同学 2019春季SP ラーメン大好き小泉さん2019春SP
1291824,黑鹰坠落 Black Hawk Down
27198855,印度合伙人 Padman
3793783,地心引力 Gravity
27073291,太空救援 Салют-7
6024544,宇宙的奇迹 Wonders of the Universe
1296339,爱在黎明破晓前 Before Sunrise
20495023,寻梦环游记 Coco
19899649,镜头背后 뒷담화 : 감독이 미쳤어요
30459706,诗人奶奶 시인할매
30204142,女警 걸캅스
30190578,多英 다영씨
25863923,浦项 포항
27126713,负罪少女 죄 많은 소녀
27623043,吾王长存 롱리브더킹
25717897,藤球王 족구왕
30170154,防弹少年团：燃烧舞台 BTS: Burn The Stage
27029495,法外之王 Outlaw King
27099186,我即黑夜 I Am The Night
1303390,敦煌
6393127,赛德克·巴莱(下)：彩虹桥 賽德克·巴萊(下)彩虹橋
27026013,0
27003249,拜见宫主大人
26717008,重耳传奇
1483516,幸福 Le bonheur
1418267,夏日吊带裙 Une robe d'été
1301279,拾穗者 Les glaneurs et la glaneuse
30170448,何以为家 كفرناحوم
27133218,非我族类 One of Us
26995507,航拍中国 第二季
30194392,芝麻胡同
30254438,巴普蒂斯特 Baptiste
27180925,互怼特工 Whiskey Cavalier
27595184,萨布丽娜的惊心冒险 第一季 Chilling Adventures of Sabrina Season 1
3066739,钢铁侠2 Iron Man 2
30258232,照相师
25857301,三国杀·幻
26793385,飓风奇劫 The Hurricane Heist
27603669,为你写诗
26715845,黑暗迷宫
26910060,小谢尔顿 第一季 Young Sheldon Season 1
1300389,当男人变成女人
1305335,魔画情 魔畫情
1296824,简爱 Jane Eyre
30234315,摄影机不要停！ カメラを止めるな！
1295253,美国派 American Pie
1294279,原振侠与卫斯理 原振俠與衛斯理
27135473,阳台上
30205168,篮球冠军 Campeones
20645098,小王子 Le Petit Prince
1972698,守望者 Watchmen
2132473,僵尸世界大战 World War Z
26715594,崩溃人生 第一季 Crashing Season 1
30222729,末日巡逻队 Doom Patrol
30299345,康斯坦丁：恶魔之城 电影版 Constantine City of Demons: The Movie
26951935,康斯坦丁：恶魔之城 Constantine: City of Demons
30216753,真爱不死 第三季 Santa Clarita Diet Season 3
27135496,黑色星期一 Black Monday
26958599,我们这一天 第三季 This Is Us Season 3
7065161,鸣梁海战 명량
21324900,降临 Arrival
10440076,最后的巫师猎人 The Last Witch Hunter
26876342,生化危机：复仇 バイオハザード：ヴェンデッタ
1291588,岁月的童话 おもひでぽろぽろ
1293088,小鬼当家 Home Alone
25820460,美国队长3 Captain America: Civil War
30433802,月事革命 Period. End of Sentence.
25833233,乐高大电影2 The Lego Movie 2: The Second Part
26759819,命运之夜——天之杯2：失去之蝶 劇場版Fate/stay night Heaven's Feel II.lost butterfly
5379965,幻想嘉年华 カーニバル・ファンタズム
26816383,喜欢你
26888731,良医 第一季 The Good Doctor Season 1
1867345,遗愿清单 The Bucket List
10577869,时空恋旅人 About Time
30435141,啥是佩奇
6982558,长城 The Great Wall
25884416,麦兜·我和我妈妈 麥兜‧我和我媽媽
26628284,冰之下
25884801,记忆大师
3804891,无人区
1292065,疤面煞星 Scarface
27039373,画师
26949241,游戏之夜 Game Night
25719555,喋血危情
1307758,重装警察
27064926,空气侠
26966580,妖铃铃
10608242,女尸谜案 El cuerpo
3074482,死亡医生 You Don't Know Jack
26800297,青年莎士比亚 Will
4074744,匿名者 Anonymous
4126925,圣杯神器：骸骨之城 The Mortal Instruments: City of Bones
26944582,雪怪大冒险 Smallfoot
30140571,嗝嗝老师 Hichki
27149755,大浴场 Le Grand Bain
26969120,你的鸟儿会唱歌 きみの鳥はうたえる
1308805,绝世好宾 絕世好賓
4190211,致命伴旅 The Tourist
2132208,宫崎骏和吉卜力美术馆 宮崎駿とジブリ美術館
3286552,老友记 第十季 Friends Season 10
3286549,老友记  第九季 Friends Season 9
3286548,老友记  第八季 Friends Season 8
26419637,误杀瞒天记 Drishyam
20020577,推拿
4883425,花 Love and Bruises
19965275,杨门女将之情定穆柯寨
1303217,紫蝴蝶
6538807,冰海陷落 Hunter Killer
4217715,Junglee
30464733,计划外 Unplanned
26909787,三重威胁之跨国大营救 Triple Threat
30488984,Chaal Jeevi Laiye
30254040,复仇 Badla
27149818,胖子行动队
26796845,莫斯科陷落 Притяжение
1297291,夏日么么茶 夏日的嬷嬷茶
4300640,奶奶强盗团 육혈포강도단
2369845,嫌疑人X的献身 容疑者Xの献身
30333950,上新了·故宫
30230682,三生三世宸汐缘
30442369,昨日的美食 きのう何食べた？
3578981,叶问2：宗师传奇
3734112,风声
1907464,集结号
1306123,英雄
26827706,我的英雄学院 第2季 僕のヒーローアカデミア 第2期
27160633,我的英雄学院 第3季 僕のヒーローアカデミア 第3期
26653375,我的英雄学院 第1季 僕のヒーローアカデミア
27107756,濑户内海 セトウツミ
3033085,率性而活 바르게 살자
30359157,警察之家 メゾン・ド・ポリス
30335636,卖房子的女人的逆袭 家売るオンナの逆襲
1873750,地狱男爵2：黄金军团 Hellboy 2: The Golden Army
25882296,狄仁杰之四大天王
1292215,天使爱美丽 Le fabuleux destin d'Amélie Poulain
27062637,利兹与青鸟 リズと青い鳥
1307394,千年女优 千年女優
1305725,大卫·戈尔的一生 The Life of David Gale
1292262,美国往事 Once Upon a Time in America
25829175,西游记女儿国
30345105,我和我的经纪人
2279825,小李飞刀
27615233,你好，之华
26685451,流浪猫鲍勃 A Street Cat Named Bob
23774869,绿毛怪格林奇 The Grinch
19944289,过界男女 過界
26782656,栋笃特工
26652816,高跟鞋先生
4218768,画皮2 畫皮Ⅱ
3264045,花木兰
30242203,我的时代和我
27624787,肤色 Skin
25929151,遇见你之前 Me Before You
26606242,冈仁波齐
3434070,太空旅客 Passengers
26873657,向往的生活 第一季
26801784,十三邀 第一季
4133814,线人 綫人
26727273,人民的名义
26280528,从你的全世界路过
26366465,我的少女时代 我的少女時代
10831445,百鸟朝凤
1306921,愿望树 願望樹
3017910,大咸湿 大咸濕
1401269,早春二月
25766529,走到尽头 끝까지 간다
26410594,隧道 터널
1299619,半边人 半邊人
1302466,雅马哈鱼档
1308405,后门 後門
1295720,大树之歌 অপুর সংসার
2132220,三毛从军记
1301912,秋天的童话 秋天的童話
2027938,神探
1298898,暗战 暗戰
1293323,大红灯笼高高挂
3291139,吉尔莫女孩 第六季 Gilmore Girls Season 6
30439234,异形：契约——火卫一 Alien: Covenant - Phobos
27028944,异形：契约-番外：最后的晚餐 Alien: Covenant - Prologue: Last Supper
4017146,月光光心慌慌 Halloween
30242710,他们已不再变老 They Shall Not Grow Old
6126439,傲骨贤妻 第三季 The Good Wife Season 3
5028366,傲骨贤妻  第二季 The Good Wife Season 2
3754368,傲骨贤妻 第一季 The Good Wife Season 1
27043263,福尔摩斯：基本演绎法 第六季 Elementary Season 6
26268602,寡妇联盟 Widows
1301887,变身国王 The Emperor's New Groove
27046646,怜悯 Oίκτος
10438581,芭芭拉 Barbara
22637441,不死鸟 Phoenix
3169290,耶里肖 Jerichow
7015741,车中人 L
2015853,沃尔夫斯堡 Wolfsburg
1434048,心的居所 Die innere Sicherheit
1301143,疯劫 瘋劫
27172891,大象席地而坐
27005229,夜天子
26995545,分贝人生 分貝人生
6517421,惊天魔盗团 Now You See Me
25662337,惊天魔盗团2 Now You See Me 2
1292048,蓝白红三部曲之蓝 Trois couleurs: Bleu
25717233,心花路放
1291838,红猪 紅の豚
1297995,美女与野兽 Beauty and the Beast
1949005,公主与青蛙 The Princess and the Frog
21817627,爱宠大机密 The Secret Life of Pets
11624706,小黄人大眼萌 Minions
21327493,精灵旅社2 Hotel Transylvania 2
6875863,恐龙当家 The Good Dinosaur
19965233,远征远征
26801052,那年花开月正圆
1477894,我叫金三顺 내 이름은 김삼순
3148089,300勇士：帝国崛起 300: Rise of an Empire
1302678,逃学威龙3之龙过鸡年 逃學威龍III之龍過雞年
4206436,战马 War Horse
25812730,如懿传
26887153,冥王星时刻
30337214,生活万岁
25733522,自行车与旧电钢
26302614,请回答1988 응답하라 1988
3041806,叶问 葉問
25870084,重返20岁
21937445,辩护人 변호인
26970563,刺透 Piercing
1293182,十二怒汉 12 Angry Men
25890005,山河故人
1300031,猫样少女 고양이를 부탁해
27191173,恋如雨止 恋は雨上がりのように
2300573,谢谢 고맙습니다
4925458,快递惊魂 퀵
30269039,内在美 뷰티인사이드
30327718,浪漫是一册副刊 로맨스는 별책부록
1438708,无穷动
1308767,谍影重重2 The Bourne Supremacy
1307371,开心鬼 開心鬼
1293353,小鬼当家2 Home Alone 2: Lost in New York
25444447,黄飞鸿之英雄有梦
21349345,移动迷宫 The Maze Runner
21349734,博物馆奇妙夜3 Night at the Museum: Secret of the Tomb
5323957,安德的游戏 Ender's Game
25885384,我为宫狂2
24883232,我为宫狂
26999702,妈妈是超人 第二季
11589036,功夫熊猫3 Kung Fu Panda 3
1329936,大内密探零零发 大內密探零零發
27666505,JOJO的奇妙冒险 黄金之风 ジョジョの奇妙な冒険 黄金の風
27157689,魔法禁书目录3 とある魔術の禁書目録Ⅲ
27163301,没有心跳的少女 BEATLESS
1937946,穿越时空的少女 時をかける少女
1865703,红辣椒 パプリカ
30267274,佐贺偶像是传奇 ゾンビランドサガ
30163731,关于我转生变成史莱姆这档事 転生したらスライムだった件
1395776,逃出克隆岛 The Island
26610229,方形 The Square
2347485,天道
1300019,埋伏
26389331,阿修罗 아수라
1298183,像鸡毛一样飞
26874505,人生果实 人生フルーツ
27140017,非自然死亡 アンナチュラル
25732103,排球少年 ハイキュー!!
26427106,只有我不存在的城市 僕だけがいない街
1302522,荒野大镖客 Per un pugno di dollari
1297646,逍遥骑士 Easy Rider
30327768,远去的牧歌
3147497,开国大典
1461403,茶馆
27191492,四个春天
27019570,时间怪客 Time Freak
30176282,词典 말모이
3813779,剑雨
20388224,绝密跟踪 감시자들
25843352,如此美好 쎄시봉
26721646,柯莱特 Colette
1292679,春光乍泄 春光乍洩
30395844,第91届奥斯卡颁奖典礼 The 91st Annual Academy Awards
25786060,X战警：天启 X-Men: Apocalypse
11598669,宵禁 Curfew
1301861,惊声尖笑3 Scary Movie 3
3148064,惊声尖叫4 Scream 4
1304044,鬼童院 El espinazo del diablo
1293133,惊声尖叫3 Scream 3
1308207,惊声尖笑2 Scary Movie 2
1432314,马年 Year of The Horse
26765972,Talking Heads: Storytelling Giant
26917393,错误教育 The Miseducation of Cameron Post
25855071,初恋这首情歌 Sing Street
27072988,一个小忙 A Simple Favor
26671519,罗塞莉·布朗 Rosalie Blum
27109171,娑婆诃 사바하
27017288,小公女 소공녀
26707088,奎迪：英雄再起 Creed II
26613382,最后一张签证
5924392,借枪
1786739,还珠格格 還珠格格
25715367,成龙历险记 第五季 Jackie Chan Adventures Season 5
25715362,成龙历险记 第二季 Jackie Chan Adventures Season 2
1933857,成龙历险记 第一季 Jackie Chan Adventures Season 1
5187955,Ben 10：变身之谜 Ben 10: Secret of the Omnitrix
27180960,幸福一家人
26386688,你和我的倾城时光
10747855,白虎 Белый Тигр
26363254,战狼2
10484117,天空之眼 Eye in the Sky
25983044,比利·林恩的中场战事 Billy Lynn's Long Halftime Walk
25726614,神奇动物在哪里 Fantastic Beasts and Where to Find Them
25978126,间谍同盟 Allied
26389069,铁道飞虎
26996612,脑大洞开
25894431,星球大战外传：侠盗一号 Rogue One: A Star Wars Story
3011997,伊甸湖 Eden Lake
27069657,少年英雄斯托姆 Storm: Letters van Vuur
27615400,分时度假 Tiempo Compartido
30381710,圣诞王子：皇室婚礼 A Christmas Prince: The Royal Wedding
10759740,滴答屋 The House with a Clock in its Walls
3071604,丹麦女孩 The Danish Girl
26752852,水形物语 The Shape of Water
26847068,狂野生活 Wildlife
26677934,灵能百分百 モブサイコ100
6532822,生化危机5：惩罚 Resident Evil: Retribution
20471852,生化危机：终章 Resident Evil: The Final Chapter
11525673,布达佩斯大饭店 The Grand Budapest Hotel
3011051,恐怖游轮 Triangle
3592854,疯狂的麦克斯4：狂暴之路 Mad Max: Fury Road
26704620,屏住呼吸 Don't Breathe
30335059,熊出没·原始时代
26000205,鲨滩 The Shallows
30300277,T-34坦克 T-34
26384741,湮灭 Annihilation
30420123,记住乡愁 第五季
26808256,独孤皇后
27597033,北海食神
30413173,嘟当曼
30423367,亲密侵略者
30217609,重明卫：大明机密
30329714,冒牌搭档
25872931,万物生长
1461985,闪闪的红星
1461964,小兵张嘎
1464540,地雷战
3033864,地道战
1306634,铁道员 鉄道員
30216460,遗失的环节 Missing Link
26798737,我不在这儿 I'm Not Here
26971054,为家而战 Fighting with My Family
27002812,难道不浪漫 Isn't It Romantic
26810068,冷血追击 Cold Pursuit
26752700,漂亮的李慧珍
26756260,武动乾坤
25300674,冰封侠：时空行者
30194404,第55届金马奖颁奖典礼‎ 第55屆金馬獎頒獎典禮
27615398,罪人 Den skyldige
1298759,狗镇 Dogville
21937452,素媛 소원
1789283,时空线索 Deja Vu
30291548,狂徒
1300282,异次元骇客 The Thirteenth Floor
23116614,血族 第一季 The Strain Season 1
26935675,肉与灵 Teströl és lélekröl
26894602,冷战 Zimna wojna
27608785,沉默的教室 Das schweigende Klassenzimmer
27611495,推手
2119888,情报处 Intelligence
2348020,告密者 The Informant!
1422917,暴力史 A History of Violence
1309059,艺伎回忆录 Memoirs of a Geisha
1308777,暖暖内含光 Eternal Sunshine of the Spotless Mind
27187829,中国好声音 第五季
2132932,星际迷航 Star Trek
26985857,巨额来电
26268591,莪！莪！莪！ ME!ME!ME!
25934339,邮差的白夜 Белые ночи почтальона Алексея Тряпицына
30416090,星星
26821313,八里沟 LÖSS
27097743,你迟到的许多年
3074408,热血高校2 クローズZERO II
26369709,欢迎来到马文镇 Welcome to Marwen
27055378,白小姐 미쓰백
1763134,汉江怪物 괴물
25717817,女王旅途 Queen
25822430,炙热 Parched
1388216,撞车 Crash
1945549,超市夜未眠 Cashback
24404677,超体 Lucy
26688480,逃出绝命镇 Get Out
3181788,余生的第一天 Le premier jour du reste de ta vie
26359235,克里斯托弗·罗宾 Christopher Robin
30454836,请再来四杯 Four More Shots Please
1304624,旺角卡门 旺角卡門
2133340,年轻的维多利亚 The Young Victoria
26616690,非凡任务
1760622,香水 Perfume: The Story of a Murderer
27089211,同床异梦2：你是我的命运 동상이몽 2 - 너는 내 운명
30246439,青春有你
26575103,捉妖记2
27059130,大佛普拉斯
24719063,烈日灼心
1307690,顽主
1428301,天生胆小
2148778,马背上的法庭
4011203,透析
1300288,惊魂记 驚魂記
1295656,潜行者 Сталкер
10512661,银翼杀手2049 Blade Runner 2049
26811587,大护法
25827935,七月与安生
1420004,处死国王 To Kill a King
26603666,妈妈咪鸭
26661191,奇门遁甲
25895901,海街日记 海街diary
25724855,房间 Room
1464907,黑帮暴徒 Tsotsi
26235354,权力的游戏 第七季 Game of Thrones Season 7
1299603,落水狗 Reservoir Dogs
30232339,你的孩子不是你的孩子
26647711,9号秘事 第三季 Inside No.9 Season 3
1292211,对她说 Hable con ella
1300992,完美的世界 A Perfect World
26850326,欢乐喜剧人
4841238,猫屎一号 Cat Shit One
2028669,丁丁历险记 The Adventures of Tintin: The Secret of the Unicorn
3041281,猫头鹰王国：守卫者传奇 Legend of the Guardians: The Owls of Ga'Hoole
2028650,大战外星人 Monsters vs. Aliens
30465928,大逃脱 第二季 대탈출 시즌2
30410424,深圳卫视“时间的朋友”2018跨年演讲
27072795,幸福的拉扎罗 Lazzaro felice
1427816,犯罪心理 第一季 Criminal Minds Season 1
2373195,绝命毒师 第一季 Breaking Bad Season 1
3156117,汉娜 Hanna
3131843,梅花档案
1295344,喋血街头 喋血街頭
1293759,英雄本色3：夕阳之歌 英雄本色III夕陽之歌
3272923,燕子李三
3239769,断掌顺娘
3240785,跃龙门
25766754,年轻气盛 Youth
26920017,鬼魅浮生 A Ghost Story
10766459,别惹我 Malavita
1308570,蜘蛛侠2 Spider-Man 2
1306612,蜘蛛侠 Spider-Man
1786740,还珠格格第二部 還珠格格第二部
7051830,佩小姐的奇幻城堡 Miss Peregrine's Home for Peculiar Children
3047741,中国兄弟连
1292000,搏击俱乐部 Fight Club
3318306,电影43 Movie 43
25864124,亚瑟王：斗兽争霸 King Arthur: Legend of the Sword
3172300,香奈儿秘密情史 Coco Chanel & Igor Stravinsky
3302627,复仇 Vengeance
3077739,预言者 Un prophète
1292528,猜火车 Trainspotting
3541415,盗梦空间 Inception
1292052,肖申克的救赎 The Shawshank Redemption
1291549,放牛班的春天 Les choristes
2132930,速度与激情4 Fast & Furious
24736566,北京爱情故事
3032904,圣经：创世纪 The Bible: In the Beginning
33407949,Malpaso
30441157,Raia 4
30283664,通告 Anons
30138039,银行家的抵抗 Bankier van het Verzet
33407730,Coke. Champagne. & Cigarettes.
30183061,名字 Der Vorname
33407372,Metal Heart
1787291,被嫌弃的松子的一生 嫌われ松子の一生
25814705,小森林 夏秋篇 リトル・フォレスト 夏・秋
25814707,小森林 冬春篇 リトル・フォレスト 冬・春
1292365,活着
1298624,闻香识女人 Scent of a Woman
2129132,超凡蜘蛛侠 The Amazing Spider-Man
30279392,两片水域之间 Entre Dos Aguas
1300211,私恋失调 Punch-Drunk Love
26372319,性别之战 Battle of the Sexes
6854414,歌声不绝 Song to Song
27008394,功夫联盟
25880937,轻松自由 Libre et assoupi
26994321,角头2：王者再起 角頭2：王者再起
1300201,金玉良缘红楼梦 金玉良緣紅樓夢
30414365,两个祖国 二つの祖国
27130294,铁证悬案：真实之门 第二季 コールドケース ～真実の扉～ シーズン2
30142124,亲爱的艾琳 愛しのアイリーン
26884358,寻找斯蒂夫·麦昆 Finding Steve McQueen
1293452,妖兽都市 妖獸都市
26982852,邪恶宿舍夜惊魂 Down a Dark Hall
25801066,西游伏妖篇
26035290,悟空传
26592971,瑞克和莫蒂 第三季 Rick and Morty Season 3
25865470,瑞克和莫蒂 第二季 Rick and Morty Season 2
4858790,大秦帝国之纵横
26773744,相爱相亲
30212175,幻想游戏 イマジネーションゲーム
30459734,六扇门之御前盗圣
26705728,回到明朝当王爷
1478064,人类之子 Children of Men
3073124,月球 Moon
26842702,燃烧 버닝
5177482,二甲基色胺：精神分子 DMT: The Spirit Molecule
1316499,极度寒冷
5327268,荒野猎人 The Revenant
10432911,流感 감기
26790961,闪光少女
3804629,招魂 The Conjuring
1299383,最后的武士 The Last Samurai
26284593,圆圈 The Circle
1293414,阮玲玉
1470346,卡萨诺瓦 Casanova
26382962,美好的意外
27041389,忽而今夏
21339675,一吻定情 イタズラなKiss～Love in TOKYO
30196806,独家记忆
30181133,逆流而上的你
26961209,反黑
6126442,一步之遥
1291875,阳光灿烂的日子
25966085,踏血寻梅 踏血尋梅
26279289,怒 怒り
24751763,罗曼蒂克消亡史
4817901,潜伏 Insidious
26825664,修女 The Nun
3534824,空气人偶 空気人形
1298038,诺丁山 Notting Hill
10748120,真探 第一季 True Detective Season 1
27194302,无耻之徒(美版) 第九季 Shameless Season 9
26887174,西部世界 第二季 Westworld Season 2
27621712,拼图 Puzzle
26616145,共助 공조
30143683,球场裸奔培训班 Flitzer
30328983,pop子和pipi美的日常 TV特番 ポプテピピック TVスペシャル
30291497,五等分的新娘 五等分の花嫁
30249248,天使降临到了我身边！ 私に天使が舞い降りた！
1361252,夜 La Notte
26163259,凭物语 憑物語
25945606,诺维茨基：完美的投篮 Nowitzki: Der perfekte Wurf
1793883,极限乔丹 Michael Jordan to the Max
6710820,达拉斯小牛夺冠之路 Dallas Mavericks 2011 NBA Finals Champions
26337866,路边野餐
1297574,英雄本色
1291844,终结者2：审判日 Terminator 2: Judgment Day
1292233,发条橙 A Clockwork Orange
30437492,纯粹 Pure
27186591,陌生人 Strangers
26331176,肥皂人生 Telenovela
27199926,我爱上的人是奇葩 第五季 You're the Worst Season 5
30401163,恋梦空间
30427749,羁押 Detainment
1428581,天书奇谭
1959195,忠犬八公物语 ハチ公物語
6307447,被解救的姜戈 Django Unchained
1291578,冰川时代 Ice Age
1978709,黑天鹅 Black Swan
1291868,情人 L'amant
27024903,天才枪手 ฉลาดเกมส์โกง
1308575,蓝色大门 藍色大門
30170375,真爱百分百 Tout le monde debout
1482072,穿普拉达的女王 The Devil Wears Prada
1858711,玩具总动员3 Toy Story 3
25858604,普罗旺斯的夏天 Avis de mistral
1418834,断背山 Brokeback Mountain
1294638,E.T. 外星人 E.T.: The Extra-Terrestrial
1292401,真爱至上 Love Actually
1329950,达·芬奇密码 The Da Vinci Code
26860031,不可抗力爱上你
4301224,沉睡魔咒 Maleficent
7064681,狼的孩子雨和雪 おおかみこどもの雨と雪
26842687,那年那兔那些事  第三季
26647032,那年那兔那些事 第二季
26328492,0
1299952,小鬼当街 Baby's Day Out
3844060,大肚腩 Les Ventres
26581251,一指城
28086682,实习医生格蕾 第十五季 Grey's Anatomy Season 15
25750923,神探夏洛克 第四季 Sherlock Season 4
1307914,无间道 無間道
1793929,达拉斯买家俱乐部 Dallas Buyers Club
27019527,嘉年华
26277313,西游记之大圣归来
20369263,巴啦啦小魔仙
25920885,神探夏洛克：可恶的新娘 Sherlock: The Abominable Bride
3356338,喜羊羊与灰太狼之牛气冲天
26290390,精灵王座
3993578,名侦探柯南OVA4：柯南、基德和水晶之母 名探偵コナン コナンとキッドとクリスタル・マザー
3862363,名侦探柯南OVA1：宝刀争夺大作战 名探偵コナン コナンvsキッドvsヤイバ 宝刀争奪大決戦!!
26862259,乘风破浪
1292223,七宗罪 Se7en
5193561,永久忠诚：一个海军陆战队队员的经历 Semper Fi: One Marine's Journey
2279940,天国的树 천국의 나무
27059620,蛋糕师 Der Kuchenmacher
25702984,土豆星球2013QR3 감자별 2013QR3
2360882,搞笑一家人 거침없이 하이킥!
27089133,爱情奴隶兽 愛情奴隷獸
30464589,上流时代 상류시대
26230695,楼上的女孩 위층 여자
25785256,角色扮演2：铺垫 롤플레이2 : 동침
20381345,0
3403153,豫菜皇后
26631304,西地突围
3836070,孤独的幸存者 Lone Survivor
25900945,美女与野兽 Beauty and the Beast
26342391,紧急救援
1438652,无耻混蛋 Inglourious Basterds
1302827,人工智能 Artificial Intelligence: AI
26955451,詹姆斯·卡梅隆的科幻故事 James Cameron's Story of Science Fiction
1295250,X战警 X-Men
3168089,X战警：第一战 X-Men: First Class
26892564,萌妃驾到
30204361,韦恩 Wayne
26735549,黑钱胜地 第一季 Ozark Season 1
2363887,别名格蕾丝 Alias Grace
30223099,诡媚海妖 第二季 Siren Season 2
27036735,使女的故事 第二季 The Handmaid's Tale Season 2
26200198,亿万 第一季 Billions Season 1
20388226,来生不做香港人 來生不做香港人
1292213,大话西游之大圣娶亲 西遊記大結局之仙履奇緣
1291561,千与千寻 千と千尋の神隠し
2335122,真相至上 Nothing But the Truth
27114240,冒牌上尉 Der Hauptmann
27604388,惩罚者 第二季 The Punisher Season 2
1792928,金刚狼 X-Men Origins: Wolverine
27186532,复仇笔记 복수노트
5912992,熔炉 도가니
24745500,绣春刀
1307306,黄昏的清兵卫 たそがれ清兵衛
26974993,不留痕迹 Leave No Trace
20451290,新木乃伊 The Mummy
20514798,帕克兰医院 Parkland
3036472,杀死信使 Kill the Messenger
30348443,做自己
27068118,战火球星 Trautmann
30259071,幸运儿彼尔 Lykke-Per
27040921,音乐家
30147434,半世界
30368102,非正统之路 The Unorthodox
30393888,此地 Iro
30408172,恐惧 Bhayanakam
3364223,了不起的盖茨比 The Great Gatsby
3072086,和莎莫的500天 (500) Days of Summer
2129039,飞屋环游记 Up
26926321,缝纫机乐队
26662193,前任3：再见前任
30158965,我与你的光年距离2
26744597,云南虫谷
27087130,假若比尔街能说话 If Beale Street Could Talk
27126396,兵荒马乱的爱情
30162758,齐丑无艳
27624662,同名男子
30201023,那座城这家人
26469969,盛唐幻夜
11529526,中国合伙人
26313973,我是证人
1306249,唐伯虎点秋香 唐伯虎點秋香
26704590,一念无明 一念無明
26646387,扑通扑通LOVE 퐁당퐁당 러브
25937991,命运之夜——天之杯：恶兆之花 劇場版「Fate/stay night」Heaven's Feel - I. presage flower
1437331,沉默的人 Le silencieux
1441238,面纱 The Painted Veil
26727298,W-两个世界 W
3792799,岁月神偷 歲月神偷
30397901,大冰小将
25907029,宝贝老板 The Boss Baby
26322644,白鹿原
1866471,雷神 Thor
1931974,血色浪漫
30133765,妈妈是超人 第三季
27602222,向往的生活 第二季
27194980,极限挑战 第四季
30201000,幻乐之城
30188120,中餐厅 第二季
30284874,0
30215848,妻子的浪漫旅行 第一季
30294088,就算敏感点也无妨 좀 예민해도 괜찮아
1291574,玩具总动员2 Toy Story 2
1291575,玩具总动员 Toy Story
30377051,我家那闺女
30306532,家教 방문교사
26878103,暮光·巴黎 Lumière Amoureuse
1309046,V字仇杀队 V for Vendetta
1483507,她和她的猫 彼女と彼女の猫
10741643,我的个神啊 PK
1291818,饮食男女 飲食男女
1291828,天堂电影院 Nuovo Cinema Paradiso
26389601,猎凶风河谷 Wind River
25798222,亲爱的
1305164,甜蜜蜜
1966460,图雅的婚事
3070921,饥饿 Hunger
1299436,风柜来的人 風櫃來的人
1294540,你那边几点 你那邊幾點
27126359,银翼杀手：2036复制人黎明 2036: Nexus Dawn
24773958,复仇者联盟3：无限战争 Avengers: Infinity War
26683421,特工 공작
27072795,幸福的拉扎罗 Lazzaro felice
27160618,阳光姐妹淘 SUNNY 強い気持ち・強い愛
27035334,检察方的罪人 検察側の罪人
26385514,性别为本 On the Basis of Sex
26649687,终点到达 Then Came You
27109879,硬核 ハード・コア
27066184,被抹去的男孩 Boy Erased
27199577,银魂2 銀魂2 掟は破るためにこそある
27597950,64号病历 Journal 64
30334122,芳龄十六 Level 16
26711223,斯坦和奥利 Stan & Ollie
27179199,本回家了 Ben is Back
27604257,响～成为小说家的方法～ 響 HIBIKI
27064658,致所有我曾爱过的男孩 To All the Boys I've Loved Before
26988000,开战 En Guerre
26796664,叶问外传：张天志 葉問外傳：張天志
26878883,野梨树 Ahlat Ağacı
27109553,无间炼狱 Destroyer
26992553,皇家酒店谋杀案 Bad Times at the El Royale
27607255,自由了！ En liberté!
26600786,希斯特斯兄弟 The Sisters Brothers
30334399,三夫
30412189,罗布奥特曼剧场版：决定了！羁绊的水晶 劇場版 ウルトラマンR/B セレクト！絆のクリスタル
30158971,企鹅公路 ペンギン・ハイウェイ
26430636,狂暴巨兽 Rampage
30290776,你不是一个人
30162520,盛夏 Лето
27604296,家和万事惊 家和萬事驚
3148663,福尔摩斯与华生 Holmes and Watson
3179698,伦敦战场 London Fields
26627736,边境杀手2：边境战士 Sicario: Day of the Soldado
27082461,三次元女友 3D彼女 リアルガール
30218116,哈纳莱伊湾 ハナレイ・ベイ
26992114,孤狼之血 孤狼の血
26945122,麻药王 마약왕
30206431,过昭关
27184199,挪威7·22爆炸枪击案 22 July
27187912,逃组 뺑반
30168032,战斗民族养成记
30148183,独孤：倒回 독고 리와인드
30143861,我的冤家是条狗 Patrick
30322398,无痛侠 Mard Ko Dard Nahin Hota
27621494,人面鱼：红衣小女孩外传 人面魚：紅衣小女孩外傳
30156266,我是江小白 剧场版
27017673,犬舍惊魂 Dogman
30423524,乌里：外科手术式打击 Uri: The Surgical Strike
26762269,90年代中期 Mid90s
26348846,罗宾汉：起源 Robin Hood
27135946,天鹅绒圆锯 Velvet Buzzsaw
26958485,逆流大叔
27149755,大浴场 Le Grand Bain
30197496,野性 Sauvage
26786317,银湖之底 Under the Silver Lake
27156537,最好的朋友 Mi mejor amigo
26437223,22英里 Mile 22
27098363,自杀小队：严厉惩罚 Suicide Squad: Hell to Pay
27091624,邻里的人们 동네사람들
27063403,悠哉日常大王剧场版：假期活动 劇場版 のんのんびより ばけーしょん
30406190,哥哥 Un frère
26908287,一生 Life Itself
27168151,上流社会 상류사회
30195228,男人要自爱 Je ne suis pas un homme facile
30286112,乔纳斯 Jonas
27601070,集中营里的摄影师 El fotógrafo de Mauthausen
26779571,小家伙 Айка
26852903,光之声 Vox Lux
3212397,根西岛文学与土豆皮馅饼俱乐部 The Guernsey Literary and Potato Peel Pie Society
26975011,猖獗 창궐
30188247,地牢回忆 La noche de 12 años
10546771,重塑人生 Second Act
27621184,君主！先发制人 センセイ君主
27102557,战中女人 Kona fer í stríð
27050878,永恒之门 At Eternity's Gate
30192287,把哥哥退货可以吗？ น้อง.พี่.ที่รัก
27098365,超人王朝 Reign of the Supermen
27165968,少年泰坦出击电影版 Teen Titans Go! To the Movies
27191829,初吻50次 50回目のファーストキス
26989735,空中轮胎 空飛ぶタイヤ
27069377,淡蓝琥珀
26830774,影像之书 Le livre d'image
30209020,粽邪
26683287,刺心 Un couteau dans le cœur
26825688,姐姐 언니
26601224,人尽皆知 Todos lo saben
26658194,蜘蛛网中的女孩 The Girl in the Spider's Web
27025631,咏鹅 군산: 거위를 노래하다
26942853,镜中人 Look Away
30189817,江边旅馆 강변호텔
26905717,人类清除计划4 The First Purge
26979347,一代巨星桑杰君 Sanju
26908051,使徒 Apostle
27013111,抓人游戏 Tag
26969244,亲吻亭 The Kissing Booth
26935281,郊区的鸟
27203619,差等生乔曦
27127793,一周不死，全额退款 Dead in a Week: Or Your Money Back
26730542,有五个姐姐的我就注定要单身了啊！！ 有五個姊姊的我就註定要單身了啊！！
25850442,森林之子毛克利 Mowgli
30355903,卖身 Doing Money
3274508,谁杀死了堂吉诃德 El hombre que mató a Don Quijote
27097816,罪途1之死亡列车
27197468,地面之洞 The Hole in the Ground
26722224,匿名者 Anon
27121032,她的故事 허스토리
30411657,阿加莎与谋杀的真谛 Agatha and the Truth of Murder
30466832,独家记忆番外之相信爱
26389835,海鸥 The Seagull
27037052,烧肉龙 焼肉ドラゴン
27002092,黑衣女人 Ladies in Black
26999591,牵牛花与加濑同学 あさがおと加瀬さん。
26931155,给19岁的我自己
30174107,三张面孔 سه چهره
26661189,脱单告急
27145025,精灵宝可梦：大家的故事 劇場版 ポケットモンスター みんなの物語
27107625,代号基亚斯：反叛的鲁路修3之皇道 コードギアス 反逆のルルーシュⅢ 皇道
27611038,猫是要抱着的 猫は抱くもの
30228425,禁入直播 Cam
